Identification,TrackNumber,MeanNoBgCorrectedCh00,MeanNoBgCorrectedCh01,SumNoBgCorrectedCh00,SumNoBgCorrectedCh01,AreaMorphologyCh01,TimePoint,Time,Position,Cell,Cytokine,CellType,Experiment,relSignal,MeanNoBgCorrectedCh00_norm,base_sd,trace_1_3_sd,trace_2_3_sd,trace_3_3_sd,trace_sd,expression_t0,AUC,resp_score,sustra_score,npeaks,ACFx,ACFy,ACFy_nobs,ACF_AUC,ACF_diff_AUC,nACpeaks,ACpeak_height_1,ACpeak_steepness_1,acf_freq_peak_1,ACpeak_height_2,ACpeak_steepness_2,acf_freq_peak_2,ACpeak_height_3,ACpeak_steepness_3,acf_freq_peak_3,osc_score,ResponseType,Set,Setup,Theta
220524DS30_p0011-002DS,1,1.14312741325372,0.37152399999999997,100.29,106.62700000000001,258.0,1,0.0,11,2,TNF 40ng/uL,GMP,220524DS30,1.2715792291654,0.327071322957524,0.045048038270737,0.159178737850765,0.0795980331081522,0.0713601806214015,0.13766153332761802,0.249756171835364,3.5991047540805,2.2330280788322203,0.286891621593327,6,1.0,1.0,1.0,0.0844767478252858,-0.0276750057859118,1,0.133955276496454,0.0223258794160757,26,0.0,0.0,0,0.0,0.0,0,0.8037316589787242,oscillatory,gt,30,0.6
220524DS30_p0011-002DS,1,1.10929906190469,0.3952,87.8275,102.35700000000001,232.0,2,0.11781045751633999,11,2,TNF 40ng/uL,GMP,220524DS30,1.16002505439956,0.308797785853022,0.045048038270737,0.159178737850765,0.0795980331081522,0.0713601806214015,0.13766153332761802,0.249756171835364,3.5991047540805,2.2330280788322203,0.286891621593327,6,1.3921568627451,0.986457081556513,0.987089072698473,0.0844767478252858,-0.0276750057859118,1,0.133955276496454,0.0223258794160757,26,0.0,0.0,0,0.0,0.0,0,0.8037316589787242,oscillatory,gt,30,0.6
220524DS30_p0011-002DS,1,1.02677110060181,0.4304020000000001,91.3373,125.24700000000001,261.0,3,0.23562091503267998,11,2,TNF 40ng/uL,GMP,220524DS30,0.98590487776696,0.26421749438484804,0.045048038270737,0.159178737850765,0.0795980331081522,0.0713601806214015,0.13766153332761802,0.249756171835364,3.5991047540805,2.2330280788322203,0.286891621593327,6,1.7843137254902,0.9729141631130268,0.9741781453969448,0.0844767478252858,-0.0276750057859118,1,0.133955276496454,0.0223258794160757,26,0.0,0.0,0,0.0,0.0,0,0.8037316589787242,oscillatory,gt,30,0.6
220524DS30_p0011-002DS,1,0.977286382406597,0.4251680000000001,94.4039,134.35299999999998,285.5,4,0.3534313725490201,11,2,TNF 40ng/uL,GMP,220524DS30,0.9499416652432828,0.23748663704225,0.045048038270737,0.159178737850765,0.0795980331081522,0.0713601806214015,0.13766153332761802,0.249756171835364,3.5991047540805,2.2330280788322203,0.286891621593327,6,2.17647058823529,0.952171278837178,0.954735760283948,0.0844767478252858,-0.0276750057859118,1,0.133955276496454,0.0223258794160757,26,0.0,0.0,0,0.0,0.0,0,0.8037316589787242,oscillatory,gt,30,0.6
220524DS30_p0011-002DS,1,0.999567100039146,0.41467600000000004,99.6118,135.184,295.0,5,0.47124183006535997,11,2,TNF 40ng/uL,GMP,220524DS30,0.996182050150643,0.2495223261650389,0.045048038270737,0.159178737850765,0.0795980331081522,0.0713601806214015,0.13766153332761802,0.249756171835364,3.5991047540805,2.2330280788322203,0.286891621593327,6,2.56862745098039,0.922628436321775,0.927310482290264,0.0844767478252858,-0.0276750057859118,1,0.133955276496454,0.0223258794160757,26,0.0,0.0,0,0.0,0.0,0,0.8037316589787242,oscillatory,gt,30,0.6
220524DS30_p0011-002DS,1,0.955041648901775,0.422311,90.2118,130.494,278.5,6,0.5890522875816989,11,2,TNF 40ng/uL,GMP,220524DS30,0.9345995705758001,0.225470385972661,0.045048038270737,0.159178737850765,0.0795980331081522,0.0713601806214015,0.13766153332761802,0.249756171835364,3.5991047540805,2.2330280788322203,0.286891621593327,6,2.96078431372549,0.8930855938063721,0.899885204296581,0.0844767478252858,-0.0276750057859118,1,0.133955276496454,0.0223258794160757,26,0.0,0.0,0,0.0,0.0,0,0.8037316589787242,oscillatory,gt,30,0.6
220524DS30_p0011-002DS,1,0.9659971801529,0.4487640000000001,74.7098,113.537,226.5,7,0.706862745098039,11,2,TNF 40ng/uL,GMP,220524DS30,0.889597405760503,0.231388389624434,0.045048038270737,0.159178737850765,0.0795980331081522,0.0713601806214015,0.13766153332761802,0.249756171835364,3.5991047540805,2.2330280788322203,0.286891621593327,6,3.3529411764705896,0.8539684211428229,0.86426490860341,0.0844767478252858,-0.0276750057859118,1,0.133955276496454,0.0223258794160757,26,0.0,0.0,0,0.0,0.0,0,0.8037316589787242,oscillatory,gt,30,0.6
220524DS30_p0011-002DS,1,0.9509132880660279,0.41608199999999995,86.3333,123.57600000000001,269.5,8,0.824673202614379,11,2,TNF 40ng/uL,GMP,220524DS30,0.9444906162174848,0.22324031114180493,0.045048038270737,0.159178737850765,0.0795980331081522,0.0713601806214015,0.13766153332761802,0.249756171835364,3.5991047540805,2.2330280788322203,0.286891621593327,6,3.74509803921569,0.8137874340183691,0.827734055388073,0.0844767478252858,-0.0276750057859118,1,0.133955276496454,0.0223258794160757,26,0.0,0.0,0,0.0,0.0,0,0.8037316589787242,oscillatory,gt,30,0.6
220524DS30_p0011-002DS,1,0.871996824673335,0.415328,49.5804,77.251,163.5,9,0.942483660130719,11,2,TNF 40ng/uL,GMP,220524DS30,0.867679530720366,0.18061089337669398,0.045048038270737,0.159178737850765,0.0795980331081522,0.0713601806214015,0.13766153332761802,0.249756171835364,3.5991047540805,2.2330280788322203,0.286891621593327,6,4.13725490196078,0.772042066906227,0.7901060307805491,0.0844767478252858,-0.0276750057859118,1,0.133955276496454,0.0223258794160757,26,0.0,0.0,0,0.0,0.0,0,0.8037316589787242,oscillatory,gt,30,0.6
220524DS30_p0011-002DS,1,0.9721570085631321,0.383371,70.4314,90.8588,211.0,10,1.06029411764706,11,2,TNF 40ng/uL,GMP,220524DS30,1.04797956265649,0.234715830913262,0.045048038270737,0.159178737850765,0.0795980331081522,0.0713601806214015,0.13766153332761802,0.249756171835364,3.5991047540805,2.2330280788322203,0.286891621593327,6,4.52941176470588,0.7273914226740951,0.750440402158961,0.0844767478252858,-0.0276750057859118,1,0.133955276496454,0.0223258794160757,26,0.0,0.0,0,0.0,0.0,0,0.8037316589787242,oscillatory,gt,30,0.6
220524DS30_p0011-002DS,1,0.9285704160310381,0.415554,100.76899999999999,147.52200000000005,323.0,11,1.1781045751633998,11,2,TNF 40ng/uL,GMP,220524DS30,0.923470518925965,0.21117104719985105,0.045048038270737,0.159178737850765,0.0795980331081522,0.0713601806214015,0.13766153332761802,0.249756171835364,3.5991047540805,2.2330280788322203,0.286891621593327,6,4.921568627450982,0.682740778441962,0.710774773537374,0.0844767478252858,-0.0276750057859118,1,0.133955276496454,0.0223258794160757,26,0.0,0.0,0,0.0,0.0,0,0.8037316589787242,oscillatory,gt,30,0.6
220524DS30_p0011-002DS,1,1.5608573381995499,0.398468,172.247,143.847,329.0,12,1.29591503267974,11,2,TNF 40ng/uL,GMP,220524DS30,1.61884556573944,0.5527223812784351,0.045048038270737,0.159178737850765,0.0795980331081522,0.0713601806214015,0.13766153332761802,0.249756171835364,3.5991047540805,2.2330280788322203,0.286891621593327,6,5.31372549019608,0.63916408610978,0.673109530237423,0.0844767478252858,-0.0276750057859118,1,0.133955276496454,0.0223258794160757,26,0.0,0.0,0,0.0,0.0,0,0.8037316589787242,oscillatory,gt,30,0.6
220524DS30_p0011-002DS,1,1.7365514774755701,0.352941,162.439,108.0,276.0,13,1.4137254901960803,11,2,TNF 40ng/uL,GMP,220524DS30,2.03339246304719,0.6476295595792391,0.045048038270737,0.159178737850765,0.0795980331081522,0.0713601806214015,0.13766153332761802,0.249756171835364,3.5991047540805,2.2330280788322203,0.286891621593327,6,5.705882352941179,0.595855881752585,0.635944383267882,0.0844767478252858,-0.0276750057859118,1,0.133955276496454,0.0223258794160757,26,0.0,0.0,0,0.0,0.0,0,0.8037316589787242,oscillatory,gt,30,0.6
220524DS30_p0011-002DS,1,1.7736838260069299,0.37656100000000003,141.514,98.2824,233.0,14,1.53153594771242,11,2,TNF 40ng/uL,GMP,220524DS30,1.94659913758385,0.667687863386724,0.045048038270737,0.159178737850765,0.0795980331081522,0.0713601806214015,0.13766153332761802,0.249756171835364,3.5991047540805,2.2330280788322203,0.286891621593327,6,6.09803921568627,0.554178385250348,0.600500460057791,0.0844767478252858,-0.0276750057859118,1,0.133955276496454,0.0223258794160757,26,0.0,0.0,0,0.0,0.0,0,0.8037316589787242,oscillatory,gt,30,0.6
220524DS30_p0011-002DS,1,1.75470383427237,0.39917600000000003,181.30200000000002,134.922,307.0,15,1.6493464052287599,11,2,TNF 40ng/uL,GMP,220524DS30,1.8166658930597401,0.657435173871173,0.045048038270737,0.159178737850765,0.0795980331081522,0.0713601806214015,0.13766153332761802,0.249756171835364,3.5991047540805,2.2330280788322203,0.286891621593327,6,6.49019607843137,0.5173930123129821,0.5702202081260501,0.0844767478252858,-0.0276750057859118,1,0.133955276496454,0.0223258794160757,26,0.0,0.0,0,0.0,0.0,0,0.8037316589787242,oscillatory,gt,30,0.6
220524DS30_p0011-002DS,1,1.80436847310623,0.402389,191.949,140.031,317.0,16,1.7671568627451,11,2,TNF 40ng/uL,GMP,220524DS30,1.85316798895466,0.684263221479775,0.045048038270737,0.159178737850765,0.0795980331081522,0.0713601806214015,0.13766153332761802,0.249756171835364,3.5991047540805,2.2330280788322203,0.286891621593327,6,6.882352941176469,0.480607639375616,0.5399399561943079,0.0844767478252858,-0.0276750057859118,1,0.133955276496454,0.0223258794160757,26,0.0,0.0,0,0.0,0.0,0,0.8037316589787242,oscillatory,gt,30,0.6
220524DS30_p0011-002DS,1,1.77851551297555,0.411301,128.851,97.4784,212.0,17,1.8849673202614399,11,2,TNF 40ng/uL,GMP,220524DS30,1.78703702957663,0.670297863802869,0.045048038270737,0.159178737850765,0.0795980331081522,0.0713601806214015,0.13766153332761802,0.249756171835364,3.5991047540805,2.2330280788322203,0.286891621593327,6,7.274509803921571,0.4508907860470221,0.516277791209211,0.0844767478252858,-0.0276750057859118,1,0.133955276496454,0.0223258794160757,26,0.0,0.0,0,0.0,0.0,0,0.8037316589787242,oscillatory,gt,30,0.6
220524DS30_p0011-002DS,1,1.6307254291107198,0.393289,145.063,114.447,262.0,18,2.00277777777778,11,2,TNF 40ng/uL,GMP,220524DS30,1.7135812573337799,0.590464012211417,0.045048038270737,0.159178737850765,0.0795980331081522,0.0713601806214015,0.13766153332761802,0.249756171835364,3.5991047540805,2.2330280788322203,0.286891621593327,6,7.66666666666667,0.424203298265044,0.4954519492012461,0.0844767478252858,-0.0276750057859118,1,0.133955276496454,0.0223258794160757,26,0.0,0.0,0,0.0,0.0,0,0.8037316589787242,oscillatory,gt,30,0.6
220524DS30_p0011-002DS,1,1.4925332934963602,0.387416,161.514,137.145,321.0,19,2.12058823529412,11,2,TNF 40ng/uL,GMP,220524DS30,1.5921432291211999,0.515814819537343,0.045048038270737,0.159178737850765,0.0795980331081522,0.0713601806214015,0.13766153332761802,0.249756171835364,3.5991047540805,2.2330280788322203,0.286891621593327,6,8.05882352941176,0.399221473209586,0.47607271597629597,0.0844767478252858,-0.0276750057859118,1,0.133955276496454,0.0223258794160757,26,0.0,0.0,0,0.0,0.0,0,0.8037316589787242,oscillatory,gt,30,0.6
220524DS30_p0011-002DS,1,1.3811231627649299,0.40163000000000004,145.235,138.161,313.0,20,2.2383986928104602,11,2,TNF 40ng/uL,GMP,220524DS30,1.4211565567667401,0.455632839731904,0.045048038270737,0.159178737850765,0.0795980331081522,0.0713601806214015,0.13766153332761802,0.249756171835364,3.5991047540805,2.2330280788322203,0.286891621593327,6,8.450980392156861,0.38390507027107595,0.46489093252176394,0.0844767478252858,-0.0276750057859118,1,0.133955276496454,0.0223258794160757,26,0.0,0.0,0,0.0,0.0,0,0.8037316589787242,oscillatory,gt,30,0.6
220524DS30_p0011-002DS,1,1.12801080832346,0.348103,122.412,123.57600000000001,323.0,21,2.3562091503267997,11,2,TNF 40ng/uL,GMP,220524DS30,1.3391867827125,0.31890557351744103,0.045048038270737,0.159178737850765,0.0795980331081522,0.0713601806214015,0.13766153332761802,0.249756171835364,3.5991047540805,2.2330280788322203,0.286891621593327,6,8.843137254901961,0.368588667332565,0.4537091490672321,0.0844767478252858,-0.0276750057859118,1,0.133955276496454,0.0223258794160757,26,0.0,0.0,0,0.0,0.0,0,0.8037316589787242,oscillatory,gt,30,0.6
220524DS30_p0011-002DS,1,1.26131891641978,0.340859,147.675,130.549,351.0,22,2.47401960784314,11,2,TNF 40ng/uL,GMP,220524DS30,1.52927575379624,0.390916492243442,0.045048038270737,0.159178737850765,0.0795980331081522,0.0713601806214015,0.13766153332761802,0.249756171835364,3.5991047540805,2.2330280788322203,0.286891621593327,6,9.23529411764706,0.35863472385902795,0.446524220019052,0.0844767478252858,-0.0276750057859118,1,0.133955276496454,0.0223258794160757,26,0.0,0.0,0,0.0,0.0,0,0.8037316589787242,oscillatory,gt,30,0.6
220524DS30_p0011-002DS,1,1.44029415388776,0.385019,161.584,141.30200000000005,336.0,23,2.59183006535948,11,2,TNF 40ng/uL,GMP,220524DS30,1.54598293481521,0.48759606757701,0.045048038270737,0.159178737850765,0.0795980331081522,0.0713601806214015,0.13766153332761802,0.249756171835364,3.5991047540805,2.2330280788322203,0.286891621593327,6,9.62745098039216,0.3522557533621389,0.44200386057510704,0.0844767478252858,-0.0276750057859118,1,0.133955276496454,0.0223258794160757,26,0.0,0.0,0,0.0,0.0,0,0.8037316589787242,oscillatory,gt,30,0.6
220524DS30_p0011-002DS,1,1.40058730458165,0.3890050000000001,157.129,142.765,335.0,24,2.70964052287582,11,2,TNF 40ng/uL,GMP,220524DS30,1.4879579613066798,0.466147059417794,0.045048038270737,0.159178737850765,0.0795980331081522,0.0713601806214015,0.13766153332761802,0.249756171835364,3.5991047540805,2.2330280788322203,0.286891621593327,6,10.019607843137301,0.346133290881522,0.43761764207149895,0.0844767478252858,-0.0276750057859118,1,0.133955276496454,0.0223258794160757,26,0.0,0.0,0,0.0,0.0,0,0.8037316589787242,oscillatory,gt,30,0.6
220524DS30_p0011-002DS,1,1.37936321179058,0.366375,138.725,120.537,299.5,25,2.8274509803921606,11,2,TNF 40ng/uL,GMP,220524DS30,1.5559243124537199,0.45468214222081,0.045048038270737,0.159178737850765,0.0795980331081522,0.0713601806214015,0.13766153332761802,0.249756171835364,3.5991047540805,2.2330280788322203,0.286891621593327,6,10.4117647058824,0.344884480710055,0.43578010143429496,0.0844767478252858,-0.0276750057859118,1,0.133955276496454,0.0223258794160757,26,0.0,0.0,0,0.0,0.0,0,0.8037316589787242,oscillatory,gt,30,0.6
220524DS30_p0011-002DS,1,1.42293344790098,0.373447,129.188,110.914,266.5,26,2.9452614379085,11,2,TNF 40ng/uL,GMP,220524DS30,1.5746762331001898,0.4782180904554939,0.045048038270737,0.159178737850765,0.0795980331081522,0.0713601806214015,0.13766153332761802,0.249756171835364,3.5991047540805,2.2330280788322203,0.286891621593327,6,10.803921568627501,0.343635670538588,0.433942560797091,0.0844767478252858,-0.0276750057859118,1,0.133955276496454,0.0223258794160757,26,0.0,0.0,0,0.0,0.0,0,0.8037316589787242,oscillatory,gt,30,0.6
220524DS30_p0011-002DS,1,1.33947971313017,0.389442,154.369,146.82,347.0,27,3.06307189542484,11,2,TNF 40ng/uL,GMP,220524DS30,1.4214415727013898,0.43313771089133596,0.045048038270737,0.159178737850765,0.0795980331081522,0.0713601806214015,0.13766153332761802,0.249756171835364,3.5991047540805,2.2330280788322203,0.286891621593327,6,11.196078431372499,0.34289575465928,0.431749257282415,0.0844767478252858,-0.0276750057859118,1,0.133955276496454,0.0223258794160757,26,0.0,0.0,0,0.0,0.0,0,0.8037316589787242,oscillatory,gt,30,0.6
220524DS30_p0011-002DS,1,1.22010400503342,0.396504,137.627,146.31,337.5,28,3.1808823529411803,11,2,TNF 40ng/uL,GMP,220524DS30,1.2717007847398,0.36865285294553796,0.045048038270737,0.159178737850765,0.0795980331081522,0.0713601806214015,0.13766153332761802,0.249756171835364,3.5991047540805,2.2330280788322203,0.286891621593327,6,11.588235294117599,0.34266473307213,0.4292001908902671,0.0844767478252858,-0.0276750057859118,1,0.133955276496454,0.0223258794160757,26,0.0,0.0,0,0.0,0.0,0,0.8037316589787242,oscillatory,gt,30,0.6
220524DS30_p0011-002DS,1,1.2172874292175901,0.368397,120.565,119.361,294.0,29,3.2986928104575197,11,2,TNF 40ng/uL,GMP,220524DS30,1.36556605210204,0.3671313835086379,0.045048038270737,0.159178737850765,0.0795980331081522,0.0713601806214015,0.13766153332761802,0.249756171835364,3.5991047540805,2.2330280788322203,0.286891621593327,6,11.9803921568627,0.34243371148498103,0.426651124498119,0.0844767478252858,-0.0276750057859118,1,0.133955276496454,0.0223258794160757,26,0.0,0.0,0,0.0,0.0,0,0.8037316589787242,oscillatory,gt,30,0.6
220524DS30_p0011-002DS,1,1.03555777033621,0.347817,107.314,117.91,308.5,30,3.41650326797386,11,2,TNF 40ng/uL,GMP,220524DS30,1.23043644525354,0.268963913557336,0.045048038270737,0.159178737850765,0.0795980331081522,0.0713601806214015,0.13766153332761802,0.249756171835364,3.5991047540805,2.2330280788322203,0.286891621593327,6,12.372549019607801,0.34021252415362896,0.420988956690846,0.0844767478252858,-0.0276750057859118,1,0.133955276496454,0.0223258794160757,26,0.0,0.0,0,0.0,0.0,0,0.8037316589787242,oscillatory,gt,30,0.6
220524DS30_p0011-002DS,1,1.0154851696324498,0.36983,127.584,152.0,377.0,31,3.5343137254902,11,2,TNF 40ng/uL,GMP,220524DS30,1.13476807019556,0.258121014062777,0.045048038270737,0.159178737850765,0.0795980331081522,0.0713601806214015,0.13766153332761802,0.249756171835364,3.5991047540805,2.2330280788322203,0.286891621593327,6,12.764705882352901,0.33788659125679305,0.415162941440671,0.0844767478252858,-0.0276750057859118,1,0.133955276496454,0.0223258794160757,26,0.0,0.0,0,0.0,0.0,0,0.8037316589787242,oscillatory,gt,30,0.6
220524DS30_p0011-002DS,1,1.03244677892988,0.40003099999999997,120.87799999999999,153.21200000000005,349.5,32,3.65212418300654,11,2,TNF 40ng/uL,GMP,220524DS30,1.0666199079395,0.267283405503339,0.045048038270737,0.159178737850765,0.0795980331081522,0.0713601806214015,0.13766153332761802,0.249756171835364,3.5991047540805,2.2330280788322203,0.286891621593327,6,13.156862745098,0.333793890954623,0.4074891589100609,0.0844767478252858,-0.0276750057859118,1,0.133955276496454,0.0223258794160757,26,0.0,0.0,0,0.0,0.0,0,0.8037316589787242,oscillatory,gt,30,0.6
220524DS30_p0011-002DS,1,0.984381798137767,0.39162399999999997,110.73700000000001,144.118,335.0,33,3.7699346405228797,11,2,TNF 40ng/uL,GMP,220524DS30,1.0387952025433198,0.24131946771429896,0.045048038270737,0.159178737850765,0.0795980331081522,0.0713601806214015,0.13766153332761802,0.249756171835364,3.5991047540805,2.2330280788322203,0.286891621593327,6,13.549019607843098,0.32705103954445197,0.39704372545879707,0.0844767478252858,-0.0276750057859118,1,0.133955276496454,0.0223258794160757,26,0.0,0.0,0,0.0,0.0,0,0.8037316589787242,oscillatory,gt,30,0.6
220524DS30_p0011-002DS,1,1.02877312661724,0.404393,115.102,148.00799999999995,333.5,34,3.88774509803922,11,2,TNF 40ng/uL,GMP,220524DS30,1.0513604634149,0.265298956981111,0.045048038270737,0.159178737850765,0.0795980331081522,0.0713601806214015,0.13766153332761802,0.249756171835364,3.5991047540805,2.2330280788322203,0.286891621593327,6,13.9411764705882,0.320308188134281,0.3865982920075329,0.0844767478252858,-0.0276750057859118,1,0.133955276496454,0.0223258794160757,26,0.0,0.0,0,0.0,0.0,0,0.8037316589787242,oscillatory,gt,30,0.6
220524DS30_p0011-002DS,1,1.05887221381987,0.417575,88.6902,114.416,245.5,35,4.00555555555556,11,2,TNF 40ng/uL,GMP,220524DS30,1.04796003738629,0.281558004935712,0.045048038270737,0.159178737850765,0.0795980331081522,0.0713601806214015,0.13766153332761802,0.249756171835364,3.5991047540805,2.2330280788322203,0.286891621593327,6,14.333333333333302,0.309246559722855,0.372155133246113,0.0844767478252858,-0.0276750057859118,1,0.133955276496454,0.0223258794160757,26,0.0,0.0,0,0.0,0.0,0,0.8037316589787242,oscillatory,gt,30,0.6
220524DS30_p0011-002DS,1,1.19259250374289,0.408525,100.62,112.75299999999999,245.5,36,4.1233660130719,11,2,TNF 40ng/uL,GMP,220524DS30,1.2064493561804999,0.3537915777256489,0.045048038270737,0.159178737850765,0.0795980331081522,0.0713601806214015,0.13766153332761802,0.249756171835364,3.5991047540805,2.2330280788322203,0.286891621593327,6,14.7254901960784,0.29742279419356105,0.35700649354760705,0.0844767478252858,-0.0276750057859118,1,0.133955276496454,0.0223258794160757,26,0.0,0.0,0,0.0,0.0,0,0.8037316589787242,oscillatory,gt,30,0.6
220524DS30_p0011-002DS,1,1.28080595722687,0.42176199999999997,134.686,145.086,311.0,37,4.24117647058824,11,2,TNF 40ng/uL,GMP,220524DS30,1.25502261112104,0.40144308159955,0.045048038270737,0.159178737850765,0.0795980331081522,0.0713601806214015,0.13766153332761802,0.249756171835364,3.5991047540805,2.2330280788322203,0.286891621593327,6,15.117647058823499,0.2845164218154489,0.341010424874332,0.0844767478252858,-0.0276750057859118,1,0.133955276496454,0.0223258794160757,26,0.0,0.0,0,0.0,0.0,0,0.8037316589787242,oscillatory,gt,30,0.6
220524DS30_p0011-002DS,1,1.32240033759654,0.39808000000000004,156.847,154.455,353.0,38,4.35898692810458,11,2,TNF 40ng/uL,GMP,220524DS30,1.3728663246373105,0.4239117040039361,0.045048038270737,0.159178737850765,0.0795980331081522,0.0713601806214015,0.13766153332761802,0.249756171835364,3.5991047540805,2.2330280788322203,0.286891621593327,6,15.509803921568599,0.269083966790096,0.323037021926594,0.0844767478252858,-0.0276750057859118,1,0.133955276496454,0.0223258794160757,26,0.0,0.0,0,0.0,0.0,0,0.8037316589787242,oscillatory,gt,30,0.6
220524DS30_p0011-002DS,1,1.4672757071153701,0.416328,148.016,137.388,299.0,39,4.4767973856209204,11,2,TNF 40ng/uL,GMP,220524DS30,1.4565042845189802,0.502171073286123,0.045048038270737,0.159178737850765,0.0795980331081522,0.0713601806214015,0.13766153332761802,0.249756171835364,3.5991047540805,2.2330280788322203,0.286891621593327,6,15.901960784313701,0.253651511764742,0.30506361897885603,0.0844767478252858,-0.0276750057859118,1,0.133955276496454,0.0223258794160757,26,0.0,0.0,0,0.0,0.0,0,0.8037316589787242,oscillatory,gt,30,0.6
220524DS30_p0011-002DS,1,1.4221843237873601,0.394075,159.118,144.231,333.5,40,4.5946078431372595,11,2,TNF 40ng/uL,GMP,220524DS30,1.4914636133522001,0.47781342552976896,0.045048038270737,0.159178737850765,0.0795980331081522,0.0713601806214015,0.13766153332761802,0.249756171835364,3.5991047540805,2.2330280788322203,0.286891621593327,6,16.2941176470588,0.237947650115678,0.287434409474859,0.0844767478252858,-0.0276750057859118,1,0.133955276496454,0.0223258794160757,26,0.0,0.0,0,0.0,0.0,0,0.8037316589787242,oscillatory,gt,30,0.6
220524DS30_p0011-002DS,1,1.2435133157629,0.337754,119.361,106.055,283.0,41,4.71241830065359,11,2,TNF 40ng/uL,GMP,220524DS30,1.52154779346093,0.38129819010053395,0.045048038270737,0.159178737850765,0.0795980331081522,0.0713601806214015,0.13766153332761802,0.249756171835364,3.5991047540805,2.2330280788322203,0.286891621593327,6,16.6862745098039,0.22215331959204399,0.269919931118776,0.0844767478252858,-0.0276750057859118,1,0.133955276496454,0.0223258794160757,26,0.0,0.0,0,0.0,0.0,0,0.8037316589787242,oscillatory,gt,30,0.6
220524DS30_p0011-002DS,1,1.21292353590943,0.342026,102.706,94.7412,248.0,42,4.83022875816993,11,2,TNF 40ng/uL,GMP,220524DS30,1.46558145673179,0.364774077784104,0.045048038270737,0.159178737850765,0.0795980331081522,0.0713601806214015,0.13766153332761802,0.249756171835364,3.5991047540805,2.2330280788322203,0.286891621593327,6,17.078431372548998,0.206958644074668,0.25314854338242004,0.0844767478252858,-0.0276750057859118,1,0.133955276496454,0.0223258794160757,26,0.0,0.0,0,0.0,0.0,0,0.8037316589787242,oscillatory,gt,30,0.6
220524DS30_p0011-002DS,1,1.19013904048869,0.40066399999999996,137.52200000000002,151.451,342.5,43,4.9480392156862685,11,2,TNF 40ng/uL,GMP,220524DS30,1.22758914282428,0.352466255916503,0.045048038270737,0.159178737850765,0.0795980331081522,0.0713601806214015,0.13766153332761802,0.249756171835364,3.5991047540805,2.2330280788322203,0.286891621593327,6,17.470588235294098,0.19416258858232396,0.239349518124974,0.0844767478252858,-0.0276750057859118,1,0.133955276496454,0.0223258794160757,26,0.0,0.0,0,0.0,0.0,0,0.8037316589787242,oscillatory,gt,30,0.6
220524DS30_p0011-002DS,1,1.2611782511932,0.407381,150.357,158.878,353.5,44,5.065849673202611,11,2,TNF 40ng/uL,GMP,220524DS30,1.2794147768474298,0.390840507126384,0.045048038270737,0.159178737850765,0.0795980331081522,0.0713601806214015,0.13766153332761802,0.249756171835364,3.5991047540805,2.2330280788322203,0.286891621593327,6,17.862745098039202,0.18136653308997894,0.225550492867528,0.0844767478252858,-0.0276750057859118,1,0.133955276496454,0.0223258794160757,26,0.0,0.0,0,0.0,0.0,0,0.8037316589787242,oscillatory,gt,30,0.6
220524DS30_p0011-002DS,1,1.1428886094969701,0.34771199999999997,117.38799999999999,116.831,302.5,45,5.18366013071895,11,2,TNF 40ng/uL,GMP,220524DS30,1.35837564048285,0.326942324968101,0.045048038270737,0.159178737850765,0.0795980331081522,0.0713601806214015,0.13766153332761802,0.249756171835364,3.5991047540805,2.2330280788322203,0.286891621593327,6,18.254901960784306,0.172284462141007,0.21557750548244,0.0844767478252858,-0.0276750057859118,1,0.133955276496454,0.0223258794160757,26,0.0,0.0,0,0.0,0.0,0,0.8037316589787242,oscillatory,gt,30,0.6
220524DS30_p0011-002DS,1,1.1574131119618898,0.35575100000000004,108.62,109.21600000000001,274.5,46,5.30147058823529,11,2,TNF 40ng/uL,GMP,220524DS30,1.3445530059763402,0.33478823007824393,0.045048038270737,0.159178737850765,0.0795980331081522,0.0713601806214015,0.13766153332761802,0.249756171835364,3.5991047540805,2.2330280788322203,0.286891621593327,6,18.6470588235294,0.165202229023081,0.207664692336314,0.0844767478252858,-0.0276750057859118,1,0.133955276496454,0.0223258794160757,26,0.0,0.0,0,0.0,0.0,0,0.8037316589787242,oscillatory,gt,30,0.6
220524DS30_p0011-002DS,1,1.16175737756401,0.386747,141.345,153.925,360.5,47,5.41928104575163,11,2,TNF 40ng/uL,GMP,220524DS30,1.2414354563315901,0.33713493322830496,0.045048038270737,0.159178737850765,0.0795980331081522,0.0713601806214015,0.13766153332761802,0.249756171835364,3.5991047540805,2.2330280788322203,0.286891621593327,6,19.0392156862745,0.158811572504897,0.20040940223855894,0.0844767478252858,-0.0276750057859118,1,0.133955276496454,0.0223258794160757,26,0.0,0.0,0,0.0,0.0,0,0.8037316589787242,oscillatory,gt,30,0.6
220524DS30_p0011-002DS,1,1.2748751187203602,0.374135,160.953,154.518,376.5,48,5.53709150326797,11,2,TNF 40ng/uL,GMP,220524DS30,1.4082344577235002,0.398239337012909,0.045048038270737,0.159178737850765,0.0795980331081522,0.0713601806214015,0.13766153332761802,0.249756171835364,3.5991047540805,2.2330280788322203,0.286891621593327,6,19.43137254901961,0.15864510538439902,0.199071819576149,0.0844767478252858,-0.0276750057859118,1,0.133955276496454,0.0223258794160757,26,0.0,0.0,0,0.0,0.0,0,0.8037316589787242,oscillatory,gt,30,0.6
220524DS30_p0011-002DS,1,1.2987424092573001,0.383714,153.247,148.114,351.0,49,5.654901960784311,11,2,TNF 40ng/uL,GMP,220524DS30,1.39878522652538,0.411132067572279,0.045048038270737,0.159178737850765,0.0795980331081522,0.0713601806214015,0.13766153332761802,0.249756171835364,3.5991047540805,2.2330280788322203,0.286891621593327,6,19.8235294117647,0.1584786382639,0.19773423691373798,0.0844767478252858,-0.0276750057859118,1,0.133955276496454,0.0223258794160757,26,0.0,0.0,0,0.0,0.0,0,0.8037316589787242,oscillatory,gt,30,0.6
220524DS30_p0011-002DS,1,1.25108633900756,0.375252,163.686,160.608,391.5,50,5.77271241830065,11,2,TNF 40ng/uL,GMP,220524DS30,1.37784360795151,0.385389016751431,0.045048038270737,0.159178737850765,0.0795980331081522,0.0713601806214015,0.13766153332761802,0.249756171835364,3.5991047540805,2.2330280788322203,0.286891621593327,6,20.215686274509803,0.161851166377345,0.199664185389113,0.0844767478252858,-0.0276750057859118,1,0.133955276496454,0.0223258794160757,26,0.0,0.0,0,0.0,0.0,0,0.8037316589787242,oscillatory,gt,30,0.6
220524DS30_p0011-002DS,1,1.18922308087378,0.338074,137.416,127.792,341.5,51,5.89052287581699,11,2,TNF 40ng/uL,GMP,220524DS30,1.45374159544851,0.351971469107756,0.045048038270737,0.159178737850765,0.0795980331081522,0.0713601806214015,0.13766153332761802,0.249756171835364,3.5991047540805,2.2330280788322203,0.286891621593327,6,20.6078431372549,0.168119236045834,0.20426756843176602,0.0844767478252858,-0.0276750057859118,1,0.133955276496454,0.0223258794160757,26,0.0,0.0,0,0.0,0.0,0,0.8037316589787242,oscillatory,gt,30,0.6
220524DS30_p0011-002DS,1,1.11240351074235,0.3327,122.07799999999999,119.439,323.5,52,6.00833333333333,11,2,TNF 40ng/uL,GMP,220524DS30,1.38180006710572,0.310474759715528,0.045048038270737,0.159178737850765,0.0795980331081522,0.0713601806214015,0.13766153332761802,0.249756171835364,3.5991047540805,2.2330280788322203,0.286891621593327,6,21.0,0.174387305714323,0.20887095147441892,0.0844767478252858,-0.0276750057859118,1,0.133955276496454,0.0223258794160757,26,0.0,0.0,0,0.0,0.0,0,0.8037316589787242,oscillatory,gt,30,0.6
220524DS30_p0011-002DS,1,1.06004006232887,0.371429,140.635,161.2,394.5,53,6.12614379084967,11,2,TNF 40ng/uL,GMP,220524DS30,1.17945704654782,0.2821888581168649,0.045048038270737,0.159178737850765,0.0795980331081522,0.0713601806214015,0.13766153332761802,0.249756171835364,3.5991047540805,2.2330280788322203,0.286891621593327,6,21.3921568627451,0.18587031069606402,0.21813863667417704,0.0844767478252858,-0.0276750057859118,1,0.133955276496454,0.0223258794160757,26,0.0,0.0,0,0.0,0.0,0,0.8037316589787242,oscillatory,gt,30,0.6
220524DS30_p0011-002DS,1,1.0186975708532902,0.374685,139.51,167.859,410.5,54,6.24395424836601,11,2,TNF 40ng/uL,GMP,220524DS30,1.12360748333124,0.259856302084886,0.045048038270737,0.159178737850765,0.0795980331081522,0.0713601806214015,0.13766153332761802,0.249756171835364,3.5991047540805,2.2330280788322203,0.286891621593327,6,21.784313725490197,0.19735331567780492,0.2274063218739361,0.0844767478252858,-0.0276750057859118,1,0.133955276496454,0.0223258794160757,26,0.0,0.0,0,0.0,0.0,0,0.8037316589787242,oscillatory,gt,30,0.6
220524DS30_p0011-002DS,1,1.00713685199946,0.377852,103.137,126.58,300.5,55,6.361764705882349,11,2,TNF 40ng/uL,GMP,220524DS30,1.1015454517574799,0.25361138572019,0.045048038270737,0.159178737850765,0.0795980331081522,0.0713601806214015,0.13766153332761802,0.249756171835364,3.5991047540805,2.2330280788322203,0.286891621593327,6,22.1764705882353,0.209812509968276,0.237411390887177,0.0844767478252858,-0.0276750057859118,1,0.133955276496454,0.0223258794160757,26,0.0,0.0,0,0.0,0.0,0,0.8037316589787242,oscillatory,gt,30,0.6
220524DS30_p0011-002DS,1,0.983940174752009,0.375312,110.988,138.49,332.0,56,6.479575163398692,11,2,TNF 40ng/uL,GMP,220524DS30,1.08345755519799,0.24108090978865304,0.045048038270737,0.159178737850765,0.0795980331081522,0.0713601806214015,0.13766153332761802,0.249756171835364,3.5991047540805,2.2330280788322203,0.286891621593327,6,22.568627450980397,0.22346482452497105,0.24831770678356305,0.0844767478252858,-0.0276750057859118,1,0.133955276496454,0.0223258794160757,26,0.0,0.0,0,0.0,0.0,0,0.8037316589787242,oscillatory,gt,30,0.6
220524DS30_p0011-002DS,1,0.910853140051315,0.35741799999999996,139.498,179.067,460.0,57,6.597385620915032,11,2,TNF 40ng/uL,GMP,220524DS30,1.05319211505857,0.201600456642072,0.045048038270737,0.159178737850765,0.0795980331081522,0.0713601806214015,0.13766153332761802,0.249756171835364,3.5991047540805,2.2330280788322203,0.286891621593327,6,22.9607843137255,0.23711713908166696,0.259224022679949,0.0844767478252858,-0.0276750057859118,1,0.133955276496454,0.0223258794160757,26,0.0,0.0,0,0.0,0.0,0,0.8037316589787242,oscillatory,gt,30,0.6
220524DS30_p0011-002DS,1,0.869389611055196,0.34570500000000004,130.49,169.74099999999999,451.5,58,6.7151960784313705,11,2,TNF 40ng/uL,GMP,220524DS30,1.03930841772238,0.179202518067508,0.045048038270737,0.159178737850765,0.0795980331081522,0.0713601806214015,0.13766153332761802,0.249756171835364,3.5991047540805,2.2330280788322203,0.286891621593327,6,23.352941176470605,0.249574573501048,0.268851762657145,0.0844767478252858,-0.0276750057859118,1,0.133955276496454,0.0223258794160757,26,0.0,0.0,0,0.0,0.0,0,0.8037316589787242,oscillatory,gt,30,0.6
220524DS30_p0011-002DS,1,0.9409685836756372,0.361765,112.757,141.812,355.5,59,6.83300653594771,11,2,TNF 40ng/uL,GMP,220524DS30,1.07494002945539,0.21786834007540096,0.045048038270737,0.159178737850765,0.0795980331081522,0.0713601806214015,0.13766153332761802,0.249756171835364,3.5991047540805,2.2330280788322203,0.286891621593327,6,23.745098039215694,0.261899243460728,0.27833743864332,0.0844767478252858,-0.0276750057859118,1,0.133955276496454,0.0223258794160757,26,0.0,0.0,0,0.0,0.0,0,0.8037316589787242,oscillatory,gt,30,0.6
220524DS30_p0011-002DS,1,0.9244747680386801,0.346177,115.02,140.894,370.0,60,6.95081699346405,11,2,TNF 40ng/uL,GMP,220524DS30,1.10365290773651,0.2089586433264501,0.045048038270737,0.159178737850765,0.0795980331081522,0.0713601806214015,0.13766153332761802,0.249756171835364,3.5991047540805,2.2330280788322203,0.286891621593327,6,24.1372549019608,0.272628507974552,0.286376884400268,0.0844767478252858,-0.0276750057859118,1,0.133955276496454,0.0223258794160757,26,0.0,0.0,0,0.0,0.0,0,0.8037316589787242,oscillatory,gt,30,0.6
220524DS30_p0011-002DS,1,0.9289793265734059,0.321266,143.694,162.561,465.5,61,7.068627450980389,11,2,TNF 40ng/uL,GMP,220524DS30,1.1950248677853899,0.21139193416804197,0.045048038270737,0.159178737850765,0.0795980331081522,0.0713601806214015,0.13766153332761802,0.249756171835364,3.5991047540805,2.2330280788322203,0.286891621593327,6,24.52941176470589,0.280394876660359,0.291730474017221,0.0844767478252858,-0.0276750057859118,1,0.133955276496454,0.0223258794160757,26,0.0,0.0,0,0.0,0.0,0,0.8037316589787242,oscillatory,gt,30,0.6
220524DS30_p0011-002DS,1,0.9751600475862828,0.32927399999999996,161.27100000000004,178.137,497.0,62,7.18643790849673,11,2,TNF 40ng/uL,GMP,220524DS30,1.2239230669193701,0.2363380248076569,0.045048038270737,0.159178737850765,0.0795980331081522,0.0713601806214015,0.13766153332761802,0.249756171835364,3.5991047540805,2.2330280788322203,0.286891621593327,6,24.921568627451002,0.288161245346166,0.297084063634175,0.0844767478252858,-0.0276750057859118,1,0.133955276496454,0.0223258794160757,26,0.0,0.0,0,0.0,0.0,0,0.8037316589787242,oscillatory,gt,30,0.6
220524DS30_p0011-002DS,1,1.16823124927078,0.34321599999999997,159.988,153.761,409.0,63,7.30424836601307,11,2,TNF 40ng/uL,GMP,220524DS30,1.4066853128969101,0.340632015708704,0.045048038270737,0.159178737850765,0.0795980331081522,0.0713601806214015,0.13766153332761802,0.249756171835364,3.5991047540805,2.2330280788322203,0.286891621593327,6,25.3137254901961,0.290544161584599,0.297660833556572,0.0844767478252858,-0.0276750057859118,1,0.133955276496454,0.0223258794160757,26,0.0,0.0,0,0.0,0.0,0,0.8037316589787242,oscillatory,gt,30,0.6
220524DS30_p0011-002DS,1,1.18084859296608,0.341885,163.882,155.216,416.5,64,7.422058823529412,11,2,TNF 40ng/uL,GMP,220524DS30,1.42741359621792,0.347447703999205,0.045048038270737,0.159178737850765,0.0795980331081522,0.0713601806214015,0.13766153332761802,0.249756171835364,3.5991047540805,2.2330280788322203,0.286891621593327,6,25.7058823529412,0.29158121471118803,0.297043398555331,0.0844767478252858,-0.0276750057859118,1,0.133955276496454,0.0223258794160757,26,0.0,0.0,0,0.0,0.0,0,0.8037316589787242,oscillatory,gt,30,0.6
220524DS30_p0011-002DS,1,1.05596404204255,0.27165900000000004,119.435,100.514,336.5,65,7.539869281045751,11,2,TNF 40ng/uL,GMP,220524DS30,1.60642587779995,0.27998705681793795,0.045048038270737,0.159178737850765,0.0795980331081522,0.0713601806214015,0.13766153332761802,0.249756171835364,3.5991047540805,2.2330280788322203,0.286891621593327,6,26.098039215686306,0.290725364929861,0.294779843114346,0.0844767478252858,-0.0276750057859118,1,0.133955276496454,0.0223258794160757,26,0.0,0.0,0,0.0,0.0,0,0.8037316589787242,oscillatory,gt,30,0.6
220524DS30_p0011-002DS,1,1.1080985005523,0.27273800000000004,122.961,99.0039,327.5,66,7.6576797385620905,11,2,TNF 40ng/uL,GMP,220524DS30,1.67906834938988,0.30814926171441304,0.045048038270737,0.159178737850765,0.0795980331081522,0.0713601806214015,0.13766153332761802,0.249756171835364,3.5991047540805,2.2330280788322203,0.286891621593327,6,26.490196078431396,0.284190806424786,0.28757792635413104,0.0844767478252858,-0.0276750057859118,1,0.133955276496454,0.0223258794160757,26,0.0,0.0,0,0.0,0.0,0,0.8037316589787242,oscillatory,gt,30,0.6
220524DS30_p0011-002DS,1,1.18562793938528,0.34260999999999997,183.392,173.361,468.0,67,7.7754901960784295,11,2,TNF 40ng/uL,GMP,220524DS30,1.43015809792379,0.350029430883421,0.045048038270737,0.159178737850765,0.0795980331081522,0.0713601806214015,0.13766153332761802,0.249756171835364,3.5991047540805,2.2330280788322203,0.286891621593327,6,26.8823529411765,0.277656247919712,0.280376009593916,0.0844767478252858,-0.0276750057859118,1,0.133955276496454,0.0223258794160757,26,0.0,0.0,0,0.0,0.0,0,0.8037316589787242,oscillatory,gt,30,0.6
220524DS30_p0011-002DS,1,1.1332612196874599,0.358003,165.592,171.125,438.0,68,7.893300653594768,11,2,TNF 40ng/uL,GMP,220524DS30,1.3082146881914098,0.321741762189013,0.045048038270737,0.159178737850765,0.0795980331081522,0.0713601806214015,0.13766153332761802,0.249756171835364,3.5991047540805,2.2330280788322203,0.286891621593327,6,27.2745098039216,0.266132860506638,0.26898255742793303,0.0844767478252858,-0.0276750057859118,1,0.133955276496454,0.0223258794160757,26,0.0,0.0,0,0.0,0.0,0,0.8037316589787242,oscillatory,gt,30,0.6
220524DS30_p0011-002DS,1,0.9321622862351991,0.304726,101.443,108.48200000000001,322.0,69,8.011111111111111,11,2,TNF 40ng/uL,GMP,220524DS30,1.2642055036410702,0.21311131832844,0.045048038270737,0.159178737850765,0.0795980331081522,0.0713601806214015,0.13766153332761802,0.249756171835364,3.5991047540805,2.2330280788322203,0.286891621593327,6,27.6666666666667,0.252471403561564,0.25579273294519195,0.0844767478252858,-0.0276750057859118,1,0.133955276496454,0.0223258794160757,26,0.0,0.0,0,0.0,0.0,0,0.8037316589787242,oscillatory,gt,30,0.6
220524DS30_p0011-002DS,1,0.826247913193199,0.290644,101.788,117.12899999999999,366.5,70,8.128921568627451,11,2,TNF 40ng/uL,GMP,220524DS30,1.17485609208815,0.155898059375488,0.045048038270737,0.159178737850765,0.0795980331081522,0.0713601806214015,0.13766153332761802,0.249756171835364,3.5991047540805,2.2330280788322203,0.286891621593327,6,28.058823529411807,0.237920154191404,0.24186861376666602,0.0844767478252858,-0.0276750057859118,1,0.133955276496454,0.0223258794160757,26,0.0,0.0,0,0.0,0.0,0,0.8037316589787242,oscillatory,gt,30,0.6
220524DS30_p0011-002DS,1,0.8225546331745308,0.348752,128.99200000000002,178.91,474.0,71,8.24673202614379,11,2,TNF 40ng/uL,GMP,220524DS30,0.974728592072178,0.15390300827878695,0.045048038270737,0.159178737850765,0.0795980331081522,0.0713601806214015,0.13766153332761802,0.249756171835364,3.5991047540805,2.2330280788322203,0.286891621593327,6,28.450980392156897,0.218326747745754,0.22378349131202602,0.0844767478252858,-0.0276750057859118,1,0.133955276496454,0.0223258794160757,26,0.0,0.0,0,0.0,0.0,0,0.8037316589787242,oscillatory,gt,30,0.6
220524DS30_p0011-002DS,1,0.7980788837505491,0.344599,128.325,181.25900000000001,487.0,72,8.364542483660129,11,2,TNF 40ng/uL,GMP,220524DS30,0.957122369877248,0.140681597910749,0.045048038270737,0.159178737850765,0.0795980331081522,0.0713601806214015,0.13766153332761802,0.249756171835364,3.5991047540805,2.2330280788322203,0.286891621593327,6,28.843137254902,0.198733341300103,0.205698368857385,0.0844767478252858,-0.0276750057859118,1,0.133955276496454,0.0223258794160757,26,0.0,0.0,0,0.0,0.0,0,0.8037316589787242,oscillatory,gt,30,0.6
220524DS30_p0011-002DS,1,0.798141038152989,0.321806,112.965,148.996,424.5,73,8.482352941176469,11,2,TNF 40ng/uL,GMP,220524DS30,1.02499362408551,0.140715172729914,0.045048038270737,0.159178737850765,0.0795980331081522,0.0713601806214015,0.13766153332761802,0.249756171835364,3.5991047540805,2.2330280788322203,0.286891621593327,6,29.2352941176471,0.17727174460919298,0.186093297404843,0.0844767478252858,-0.0276750057859118,1,0.133955276496454,0.0223258794160757,26,0.0,0.0,0,0.0,0.0,0,0.8037316589787242,oscillatory,gt,30,0.6
220524DS30_p0011-002DS,1,0.762156910424602,0.310037,102.04700000000001,135.796,403.0,74,8.600163398692809,11,2,TNF 40ng/uL,GMP,220524DS30,1.01593641017174,0.121277119529109,0.045048038270737,0.159178737850765,0.0795980331081522,0.0713601806214015,0.13766153332761802,0.249756171835364,3.5991047540805,2.2330280788322203,0.286891621593327,6,29.627450980392197,0.15456468775477694,0.165474926620365,0.0844767478252858,-0.0276750057859118,1,0.133955276496454,0.0223258794160757,26,0.0,0.0,0,0.0,0.0,0,0.8037316589787242,oscillatory,gt,30,0.6
220524DS30_p0011-002DS,1,0.787103724793391,0.342916,125.839,179.345,483.0,75,8.71797385620915,11,2,TNF 40ng/uL,GMP,220524DS30,0.9485929178363092,0.13475299168450305,0.045048038270737,0.159178737850765,0.0795980331081522,0.0713601806214015,0.13766153332761802,0.249756171835364,3.5991047540805,2.2330280788322203,0.286891621593327,6,30.0196078431373,0.13186144411994802,0.144866819101692,0.0844767478252858,-0.0276750057859118,1,0.133955276496454,0.0223258794160757,26,0.0,0.0,0,0.0,0.0,0,0.8037316589787242,oscillatory,gt,30,0.6
220524DS30_p0011-002DS,1,0.861358608003088,0.33586900000000003,144.55700000000004,184.392,507.5,76,8.83578431372549,11,2,TNF 40ng/uL,GMP,220524DS30,1.0598630130195201,0.174864298012238,0.045048038270737,0.159178737850765,0.0795980331081522,0.0713601806214015,0.13766153332761802,0.249756171835364,3.5991047540805,2.2330280788322203,0.286891621593327,6,30.411764705882398,0.10923065165727601,0.12445371363330499,0.0844767478252858,-0.0276750057859118,1,0.133955276496454,0.0223258794160757,26,0.0,0.0,0,0.0,0.0,0,0.8037316589787242,oscillatory,gt,30,0.6
220524DS30_p0011-002DS,1,0.981198838475974,0.291477,134.075,130.29,409.0,77,8.95359477124183,11,2,TNF 40ng/uL,GMP,220524DS30,1.3911962359713999,0.23960008355390106,0.045048038270737,0.159178737850765,0.0795980331081522,0.0713601806214015,0.13766153332761802,0.249756171835364,3.5991047540805,2.2330280788322203,0.286891621593327,6,30.8039215686275,0.0865998591946034,0.104040608164919,0.0844767478252858,-0.0276750057859118,1,0.133955276496454,0.0223258794160757,26,0.0,0.0,0,0.0,0.0,0,0.8037316589787242,oscillatory,gt,30,0.6
220524DS30_p0011-002DS,1,1.01551788247584,0.283414,135.349,123.569,398.0,78,9.07140522875817,11,2,TNF 40ng/uL,GMP,220524DS30,1.48081885401779,0.258138685020233,0.045048038270737,0.159178737850765,0.0795980331081522,0.0713601806214015,0.13766153332761802,0.249756171835364,3.5991047540805,2.2330280788322203,0.286891621593327,6,31.1960784313725,0.0650123851249812,0.08449740669642,0.0844767478252858,-0.0276750057859118,1,0.133955276496454,0.0223258794160757,26,0.0,0.0,0,0.0,0.0,0,0.8037316589787242,oscillatory,gt,30,0.6
220524DS30_p0011-002DS,1,1.13481507974846,0.34274099999999996,181.77599999999998,179.59599999999998,481.0,79,9.18921568627451,11,2,TNF 40ng/uL,GMP,220524DS30,1.3683421282977,0.322581132668138,0.045048038270737,0.159178737850765,0.0795980331081522,0.0713601806214015,0.13766153332761802,0.249756171835364,3.5991047540805,2.2330280788322203,0.286891621593327,6,31.588235294117602,0.0444682294484092,0.0658241092278094,0.0844767478252858,-0.0276750057859118,1,0.133955276496454,0.0223258794160757,26,0.0,0.0,0,0.0,0.0,0,0.8037316589787242,oscillatory,gt,30,0.6
220524DS30_p0011-002DS,1,1.14555797751755,0.343572,175.44299999999996,172.12900000000005,460.0,80,9.30702614379085,11,2,TNF 40ng/uL,GMP,220524DS30,1.3779547953413502,0.328384275096451,0.045048038270737,0.159178737850765,0.0795980331081522,0.0713601806214015,0.13766153332761802,0.249756171835364,3.5991047540805,2.2330280788322203,0.286891621593327,6,31.9803921568627,0.023924073771837,0.0471508117591986,0.0844767478252858,-0.0276750057859118,1,0.133955276496454,0.0223258794160757,26,0.0,0.0,0,0.0,0.0,0,0.8037316589787242,oscillatory,gt,30,0.6
220524DS30_p0011-002DS,1,1.0304578380518,0.313898,143.325,142.82399999999996,418.0,81,9.42483660130719,11,2,TNF 40ng/uL,GMP,220524DS30,1.35667973490985,0.26620901129005803,0.045048038270737,0.159178737850765,0.0795980331081522,0.0713601806214015,0.13766153332761802,0.249756171835364,3.5991047540805,2.2330280788322203,0.286891621593327,6,32.3725490196078,0.006140765339071061,0.0306782083565516,0.0844767478252858,-0.0276750057859118,1,0.133955276496454,0.0223258794160757,26,0.0,0.0,0,0.0,0.0,0,0.8037316589787242,oscillatory,gt,30,0.6
220524DS30_p0011-002DS,1,0.9180957635777379,0.293416,141.16899999999995,147.588,463.0,82,9.54264705882353,11,2,TNF 40ng/uL,GMP,220524DS30,1.29312304259978,0.20551280662267105,0.045048038270737,0.159178737850765,0.0795980331081522,0.0713601806214015,0.13766153332761802,0.249756171835364,3.5991047540805,2.2330280788322203,0.286891621593327,6,32.7647058823529,-0.0114972353440207,0.0143214309573766,0.0844767478252858,-0.0276750057859118,1,0.133955276496454,0.0223258794160757,26,0.0,0.0,0,0.0,0.0,0,0.8037316589787242,oscillatory,gt,30,0.6
220524DS30_p0011-002DS,1,0.8476257563482,0.327045,158.835,200.47799999999998,569.0,83,9.66045751633987,11,2,TNF 40ng/uL,GMP,220524DS30,1.07110560156847,0.167446030072512,0.045048038270737,0.159178737850765,0.0795980331081522,0.0713601806214015,0.13766153332761802,0.249756171835364,3.5991047540805,2.2330280788322203,0.286891621593327,6,33.156862745097996,-0.0276691009401979,-0.0008736066268440402,0.0844767478252858,-0.0276750057859118,1,0.133955276496454,0.0223258794160757,26,0.0,0.0,0,0.0,0.0,0,0.8037316589787242,oscillatory,gt,30,0.6
220524DS30_p0011-002DS,1,0.736179641489045,0.341934,129.4,196.612,531.0,84,9.778267973856213,11,2,TNF 40ng/uL,GMP,220524DS30,0.889768805923292,0.107244612213873,0.045048038270737,0.159178737850765,0.0795980331081522,0.0713601806214015,0.13766153332761802,0.249756171835364,3.5991047540805,2.2330280788322203,0.286891621593327,6,33.54901960784311,-0.0416417639060034,-0.0143260344886332,0.0844767478252858,-0.0276750057859118,1,0.133955276496454,0.0223258794160757,26,0.0,0.0,0,0.0,0.0,0,0.8037316589787242,oscillatory,gt,30,0.6
220524DS30_p0011-002DS,1,0.7721048860993309,0.327264,121.553,168.541,474.0,85,9.896078431372553,11,2,TNF 40ng/uL,GMP,220524DS30,0.975020453061465,0.126650857691259,0.045048038270737,0.159178737850765,0.0795980331081522,0.0713601806214015,0.13766153332761802,0.249756171835364,3.5991047540805,2.2330280788322203,0.286891621593327,6,33.941176470588196,-0.0556144268718088,-0.0277784623504224,0.0844767478252858,-0.0276750057859118,1,0.133955276496454,0.0223258794160757,26,0.0,0.0,0,0.0,0.0,0,0.8037316589787242,oscillatory,gt,30,0.6
220524DS30_p0011-002DS,1,0.798867263276235,0.317185,132.60399999999998,172.231,498.5,86,10.0138888888889,11,2,TNF 40ng/uL,GMP,220524DS30,1.0408727603094,0.14110746798542098,0.045048038270737,0.159178737850765,0.0795980331081522,0.0713601806214015,0.13766153332761802,0.249756171835364,3.5991047540805,2.2330280788322203,0.286891621593327,6,34.3333333333333,-0.0656066501866621,-0.0380180126708063,0.0844767478252858,-0.0276750057859118,1,0.133955276496454,0.0223258794160757,26,0.0,0.0,0,0.0,0.0,0,0.8037316589787242,oscillatory,gt,30,0.6
220524DS30_p0011-002DS,1,0.7736783738663641,0.329067,156.094,217.18400000000003,612.0,87,10.131699346405199,11,2,TNF 40ng/uL,GMP,220524DS30,0.971654318130669,0.127500830744857,0.045048038270737,0.159178737850765,0.0795980331081522,0.0713601806214015,0.13766153332761802,0.249756171835364,3.5991047540805,2.2330280788322203,0.286891621593327,6,34.725490196078404,-0.0748964429748765,-0.0476905846015303,0.0844767478252858,-0.0276750057859118,1,0.133955276496454,0.0223258794160757,26,0.0,0.0,0,0.0,0.0,0,0.8037316589787242,oscillatory,gt,30,0.6
220524DS30_p0011-002DS,1,0.782128101313857,0.339679,147.757,209.922,573.0,88,10.2495098039216,11,2,TNF 40ng/uL,GMP,220524DS30,0.951579004510143,0.132065239055556,0.045048038270737,0.159178737850765,0.0795980331081522,0.0713601806214015,0.13766153332761802,0.249756171835364,3.5991047540805,2.2330280788322203,0.286891621593327,6,35.1176470588235,-0.0829379572069631,-0.0563203717133784,0.0844767478252858,-0.0276750057859118,1,0.133955276496454,0.0223258794160757,26,0.0,0.0,0,0.0,0.0,0,0.8037316589787242,oscillatory,gt,30,0.6
220524DS30_p0011-002DS,1,0.885193185696636,0.336863,148.827,185.275,510.5,89,10.3673202614379,11,2,TNF 40ng/uL,GMP,220524DS30,1.08597645511159,0.18773935761415306,0.045048038270737,0.159178737850765,0.0795980331081522,0.0713601806214015,0.13766153332761802,0.249756171835364,3.5991047540805,2.2330280788322203,0.286891621593327,6,35.509803921568604,-0.0880668214747512,-0.0625169942478497,0.0844767478252858,-0.0276750057859118,1,0.133955276496454,0.0223258794160757,26,0.0,0.0,0,0.0,0.0,0,0.8037316589787242,oscillatory,gt,30,0.6
220524DS30_p0011-002DS,1,1.05874136244631,0.335362,178.329,184.78400000000002,509.5,90,10.4851307189542,11,2,TNF 40ng/uL,GMP,220524DS30,1.30470308336329,0.281487321105891,0.045048038270737,0.159178737850765,0.0795980331081522,0.0713601806214015,0.13766153332761802,0.249756171835364,3.5991047540805,2.2330280788322203,0.286891621593327,6,35.9019607843137,-0.0931956857425393,-0.068713616782321,0.0844767478252858,-0.0276750057859118,1,0.133955276496454,0.0223258794160757,26,0.0,0.0,0,0.0,0.0,0,0.8037316589787242,oscillatory,gt,30,0.6
220524DS30_p0011-002DS,1,1.08237966307952,0.341643,216.722,223.77599999999998,607.5,91,10.6029411764706,11,2,TNF 40ng/uL,GMP,220524DS30,1.30931081851007,0.294256354963074,0.045048038270737,0.159178737850765,0.0795980331081522,0.0713601806214015,0.13766153332761802,0.249756171835364,3.5991047540805,2.2330280788322203,0.286891621593327,6,36.2941176470588,-0.0967676898350478,-0.0735593300699143,0.0844767478252858,-0.0276750057859118,1,0.133955276496454,0.0223258794160757,26,0.0,0.0,0,0.0,0.0,0,0.8037316589787242,oscillatory,gt,30,0.6
220524DS30_p0011-002DS,1,1.08055101513405,0.342471,198.188,205.482,555.5,92,10.7207516339869,11,2,TNF 40ng/uL,GMP,220524DS30,1.3039385744652199,0.293268548441324,0.045048038270737,0.159178737850765,0.0795980331081522,0.0713601806214015,0.13766153332761802,0.249756171835364,3.5991047540805,2.2330280788322203,0.286891621593327,6,36.6862745098039,-0.0998207405357962,-0.0779547402752147,0.0844767478252858,-0.0276750057859118,1,0.133955276496454,0.0223258794160757,26,0.0,0.0,0,0.0,0.0,0,0.8037316589787242,oscillatory,gt,30,0.6
220524DS30_p0011-002DS,1,1.09353147139098,0.326586,187.86700000000002,183.541,518.5,93,10.8385620915033,11,2,TNF 40ng/uL,GMP,220524DS30,1.3837874332352098,0.300280384359578,0.045048038270737,0.159178737850765,0.0795980331081522,0.0713601806214015,0.13766153332761802,0.249756171835364,3.5991047540805,2.2330280788322203,0.286891621593327,6,37.078431372549,-0.102866287503387,-0.0822958303694045,0.0844767478252858,-0.0276750057859118,1,0.133955276496454,0.0223258794160757,26,0.0,0.0,0,0.0,0.0,0,0.8037316589787242,oscillatory,gt,30,0.6
220524DS30_p0011-002DS,1,1.0427218830384999,0.329425,183.6,189.74900000000002,533.0,94,10.9563725490196,11,2,TNF 40ng/uL,GMP,220524DS30,1.30812002144641,0.272833853240041,0.045048038270737,0.159178737850765,0.0795980331081522,0.0713601806214015,0.13766153332761802,0.249756171835364,3.5991047540805,2.2330280788322203,0.286891621593327,6,37.4705882352941,-0.10588181953834801,-0.0864196400191515,0.0844767478252858,-0.0276750057859118,1,0.133955276496454,0.0223258794160757,26,0.0,0.0,0,0.0,0.0,0,0.8037316589787242,oscillatory,gt,30,0.6
220524DS30_p0011-002DS,1,0.9463465751288608,0.315871,202.502,221.11,654.5,95,11.0741830065359,11,2,TNF 40ng/uL,GMP,220524DS30,1.23815814490546,0.220773445481048,0.045048038270737,0.159178737850765,0.0795980331081522,0.0713601806214015,0.13766153332761802,0.249756171835364,3.5991047540805,2.2330280788322203,0.286891621593327,6,37.86274509803921,-0.10889735157330804,-0.0905434496688984,0.0844767478252858,-0.0276750057859118,1,0.133955276496454,0.0223258794160757,26,0.0,0.0,0,0.0,0.0,0,0.8037316589787242,oscillatory,gt,30,0.6
220524DS30_p0011-002DS,1,0.811850990817505,0.320441,170.0,219.502,639.5,96,11.1919934640523,11,2,TNF 40ng/uL,GMP,220524DS30,1.04704152571872,0.14812107099942098,0.045048038270737,0.159178737850765,0.0795980331081522,0.0713601806214015,0.13766153332761802,0.249756171835364,3.5991047540805,2.2330280788322203,0.286891621593327,6,38.254901960784295,-0.112434149147032,-0.0949691752343721,0.0844767478252858,-0.0276750057859118,1,0.133955276496454,0.0223258794160757,26,0.0,0.0,0,0.0,0.0,0,0.8037316589787242,oscillatory,gt,30,0.6
220524DS30_p0011-002DS,1,0.7698804127488491,0.35535700000000003,144.031,217.47799999999998,568.0,97,11.309803921568598,11,2,TNF 40ng/uL,GMP,220524DS30,0.895352509399942,0.1254492325843,0.045048038270737,0.159178737850765,0.0795980331081522,0.0713601806214015,0.13766153332761802,0.249756171835364,3.5991047540805,2.2330280788322203,0.286891621593327,6,38.6470588235294,-0.11625162816470401,-0.0995574709083138,0.0844767478252858,-0.0276750057859118,1,0.133955276496454,0.0223258794160757,26,0.0,0.0,0,0.0,0.0,0,0.8037316589787242,oscillatory,gt,30,0.6
220524DS30_p0011-002DS,1,0.7475179130078259,0.34222800000000003,138.02,206.706,560.0,98,11.427614379085,11,2,TNF 40ng/uL,GMP,220524DS30,0.9026964291416448,0.11336936606787199,0.045048038270737,0.159178737850765,0.0795980331081522,0.0713601806214015,0.13766153332761802,0.249756171835364,3.5991047540805,2.2330280788322203,0.286891621593327,6,39.0392156862745,-0.12016974295155,-0.10421363172942402,0.0844767478252858,-0.0276750057859118,1,0.133955276496454,0.0223258794160757,26,0.0,0.0,0,0.0,0.0,0,0.8037316589787242,oscillatory,gt,30,0.6
220524DS30_p0011-002DS,1,0.725613393074255,0.313605,144.4,204.157,602.0,99,11.5454248366013,11,2,TNF 40ng/uL,GMP,220524DS30,0.956220326564254,0.10153689295581801,0.045048038270737,0.159178737850765,0.0795980331081522,0.0713601806214015,0.13766153332761802,0.249756171835364,3.5991047540805,2.2330280788322203,0.286891621593327,6,39.431372549019606,-0.124993579660952,-0.109480578875047,0.0844767478252858,-0.0276750057859118,1,0.133955276496454,0.0223258794160757,26,0.0,0.0,0,0.0,0.0,0,0.8037316589787242,oscillatory,gt,30,0.6
220524DS30_p0011-002DS,1,0.716126668491316,0.31852800000000003,148.204,215.643,628.0,100,11.663235294117598,11,2,TNF 40ng/uL,GMP,220524DS30,0.9291330143081701,0.0964123152937878,0.045048038270737,0.159178737850765,0.0795980331081522,0.0713601806214015,0.13766153332761802,0.249756171835364,3.5991047540805,2.2330280788322203,0.286891621593327,6,39.8235294117647,-0.129817416370354,-0.11474752602067,0.0844767478252858,-0.0276750057859118,1,0.133955276496454,0.0223258794160757,26,0.0,0.0,0,0.0,0.0,0,0.8037316589787242,oscillatory,gt,30,0.6
220524DS30_p0011-002DS,1,0.7954585849950551,0.35422600000000004,143.953,209.702,546.5,101,11.781045751634,11,2,TNF 40ng/uL,GMP,220524DS30,0.928053040245903,0.139266154218581,0.045048038270737,0.159178737850765,0.0795980331081522,0.0713601806214015,0.13766153332761802,0.249756171835364,3.5991047540805,2.2330280788322203,0.286891621593327,6,40.2156862745098,-0.135455099237033,-0.120715919915282,0.0844767478252858,-0.0276750057859118,1,0.133955276496454,0.0223258794160757,26,0.0,0.0,0,0.0,0.0,0,0.8037316589787242,oscillatory,gt,30,0.6
220524DS30_p0011-002DS,1,0.8253123258722609,0.337906,159.447,213.55700000000002,583.5,102,11.8988562091503,11,2,TNF 40ng/uL,GMP,220524DS30,1.00938788382767,0.155392669992267,0.045048038270737,0.159178737850765,0.0795980331081522,0.0713601806214015,0.13766153332761802,0.249756171835364,3.5991047540805,2.2330280788322203,0.286891621593327,6,40.607843137254896,-0.141758656232392,-0.12725822478633902,0.0844767478252858,-0.0276750057859118,1,0.133955276496454,0.0223258794160757,26,0.0,0.0,0,0.0,0.0,0,0.8037316589787242,oscillatory,gt,30,0.6
220524DS30_p0011-002DS,1,0.898356833876548,0.32547,157.082,186.169,527.0,103,12.016666666666698,11,2,TNF 40ng/uL,GMP,220524DS30,1.14070559427693,0.19485015089415605,0.045048038270737,0.159178737850765,0.0795980331081522,0.0713601806214015,0.13766153332761802,0.249756171835364,3.5991047540805,2.2330280788322203,0.286891621593327,6,41.0,-0.148062213227751,-0.133800529657396,0.0844767478252858,-0.0276750057859118,1,0.133955276496454,0.0223258794160757,26,0.0,0.0,0,0.0,0.0,0,0.8037316589787242,oscillatory,gt,30,0.6
